,username,password,firstname,lastname,createdon
0,jdoe1@gmail.com,pass123,John,Doe,2026-04-28 09:15:00
1,asmith2@gmail.com,pass123,Alice,Smith,2026-04-28 09:20:00
2,bwilson3@gmail.com,pass123,Bob,Wilson,2026-04-28 09:25:00
3,cmiller4@gmail.com,pass123,Chris,Miller,2026-04-28 09:30:00
4,djohnson5@gmail.com,pass123,Diana,Johnson,2026-04-28 09:35:00
5,ewalker6@gmail.com,pass123,Ethan,Walker,2026-04-28 09:40:00
6,fyoung7@gmail.com,pass123,Fiona,Young,2026-04-28 09:45:00
7,gking8@gmail.com,pass123,George,King,2026-04-28 09:50:00
8,hscott9@gmail.com,pass123,Hannah,Scott,2026-04-28 09:55:00
9,ijames10@gmail.com,pass123,Ian,James,2026-04-28 10:00:00
10,jwhite11@gmail.com,pass123,Jake,White,2026-04-28 10:05:00
11,kgreen12@gmail.com,pass123,Kate,Green,2026-04-28 10:10:00
12,lturner13@gmail.com,pass123,Luke,Turner,2026-04-28 10:15:00
13,mclark14@gmail.com,pass123,Mia,Clark,2026-04-28 10:20:00
14,nlewis15@gmail.com,pass123,Noah,Lewis,2026-04-28 10:25:00
15,ctswanny24@gmail.com,1234z,Caden,Swanson,2026-04-28 14:30:00